,Unnamed: 0,SUB_ID,X,subject,SITE_ID,FILE_ID,DX_GROUP,DSM_IV_TR,AGE_AT_SCAN,SEX,HANDEDNESS_CATEGORY,HANDEDNESS_SCORES,FIQ,VIQ,PIQ,FIQ_TEST_TYPE,VIQ_TEST_TYPE,PIQ_TEST_TYPE,ADI_R_SOCIAL_TOTAL_A,ADI_R_VERBAL_TOTAL_BV,ADI_RRB_TOTAL_C,ADI_R_ONSET_TOTAL_D,ADI_R_RSRCH_RELIABLE,ADOS_MODULE,ADOS_TOTAL,ADOS_COMM,ADOS_SOCIAL,ADOS_STEREO_BEHAV,ADOS_RSRCH_RELIABLE,ADOS_GOTHAM_SOCAFFECT,ADOS_GOTHAM_RRB,ADOS_GOTHAM_TOTAL,ADOS_GOTHAM_SEVERITY,SRS_VERSION,SRS_RAW_TOTAL,SRS_AWARENESS,SRS_COGNITION,SRS_COMMUNICATION,SRS_MOTIVATION,SRS_MANNERISMS,SCQ_TOTAL,AQ_TOTAL,COMORBIDITY,CURRENT_MED_STATUS,MEDICATION_NAME,OFF_STIMULANTS_AT_SCAN,VINELAND_RECEPTIVE_V_SCALED,VINELAND_EXPRESSIVE_V_SCALED,VINELAND_WRITTEN_V_SCALED,VINELAND_COMMUNICATION_STANDARD,VINELAND_PERSONAL_V_SCALED,VINELAND_DOMESTIC_V_SCALED,VINELAND_COMMUNITY_V_SCALED,VINELAND_DAILYLVNG_STANDARD,VINELAND_INTERPERSONAL_V_SCALED,VINELAND_PLAY_V_SCALED,VINELAND_COPING_V_SCALED,VINELAND_SOCIAL_STANDARD,VINELAND_SUM_SCORES,VINELAND_ABC_STANDARD,VINELAND_INFORMANT,WISC_IV_VCI,WISC_IV_PRI,WISC_IV_WMI,WISC_IV_PSI,WISC_IV_SIM_SCALED,WISC_IV_VOCAB_SCALED,WISC_IV_INFO_SCALED,WISC_IV_BLK_DSN_SCALED,WISC_IV_PIC_CON_SCALED,WISC_IV_MATRIX_SCALED,WISC_IV_DIGIT_SPAN_SCALED,WISC_IV_LET_NUM_SCALED,WISC_IV_CODING_SCALED,WISC_IV_SYM_SCALED,EYE_STATUS_AT_SCAN,AGE_AT_MPRAGE,BMI,anat_cnr,anat_efc,anat_fber,anat_fwhm,anat_qi1,anat_snr,func_efc,func_fber,func_fwhm,func_dvars,func_outlier,func_quality,func_mean_fd,func_num_fd,func_perc_fd,func_gsr,qc_rater_1,qc_notes_rater_1,qc_anat_rater_2,qc_anat_notes_rater_2,qc_func_rater_2,qc_func_notes_rater_2,qc_anat_rater_3,qc_anat_notes_rater_3,qc_func_rater_3,qc_func_notes_rater_3,SUB_IN_SMP
3,4,50005,4,50005,PITT,Pitt_0050005,1,1,13.73,2,R,,119,117,118,WASI,WASI,WASI,23,19,3,4,1,4,12,4,8,1,1,,,,,,,,,,,,,,,1,Fluoxetine,,,,,,,,,,,,,,,,,,,,,,,,,,,,,,,2,,,9.071806683,1.256277649,11.19822588,3.628666925,0.119269358,10.81419962,0.556064008,70.80035358,1.918278261,1.092029938,0.0017107,0.01920513,0.12813637,22,10.94527363,0.027962562,OK,,OK,,maybe,ic-parietal-cerebellum,OK,,OK,,0
4,5,50006,5,50006,PITT,Pitt_0050006,1,1,13.37,1,L,,109,99,119,WASI,WASI,WASI,13,10,4,3,1,4,12,4,8,4,1,,,,,,,,,,,,,,,0,,,,,,,,,,,,,,,,,,,,,,,,,,,,,,,,2,,,8.026798004,1.407166399,6.282054918,3.674539411,0.130647241,10.12357371,0.562941753,75.36467892,2.213873021,1.08683026,0.0015003,0.006919125,0.070142897,3,1.492537313,0.05400563,OK,,OK,,maybe,ic-parietal slight,OK,,OK,,1
5,6,50007,6,50007,PITT,Pitt_0050007,1,1,17.78,1,R,,110,106,112,WASI,WASI,WASI,21,14,9,1,1,3,17,5,12,2,1,,,,,,,,,,,,,,,0,,,,,,,,,,,,,,,,,,,,,,,,,,,,,,,,2,,,5.775896593,1.1612314,6.991092758,4.10470701,0.236214306,7.638745627,0.607553704,64.68210869,1.834521063,1.099380278,0.00280495,0.028284228,0.151246281,38,18.90547264,0.055614717,OK,,OK,,maybe,ic-cerebellum_temporal_lob,OK,,OK,,1
6,7,50008,7,50008,PITT,Pitt_0050008,1,1,32.45,1,R,,123,123,114,WASI,WASI,WASI,24,20,10,2,1,-9999,16,4,12,-9999,1,,,,,,,,,,,,,,,1,Sertraline,,,,,,,,,,,,,,,,,,,,,,,,,,,,,,,2,,,6.669685577,1.241490531,7.94593713,3.831461581,0.131732638,8.507972453,0.571446834,60.68208348,1.909622126,1.038368624,0.0005239,0.018027626,0.169274811,58,28.85572139,0.056362849,OK,,OK,,OK,,OK,,OK,,1
7,8,50009,8,50009,PITT,Pitt_0050009,1,1,33.86,1,R,,126,118,128,WASI,WASI,WASI,20,11,3,2,1,-9999,10,4,6,-9999,1,,,,,,,,,,,,,,,1,Pantoprazole,,,,,,,,,,,,,,,,,,,,,,,,,,,,,,,2,,,4.447948042,1.201310561,7.858094734,3.622117792,0.197792358,6.552230995,0.596592888,64.42743096,2.032503875,1.180188013,0.0031652,0.010512879,0.091975884,14,6.965174129,0.053051133,OK,,OK,,fail,ic-parietal-cerebellum,OK,,OK,,1
8,9,50010,9,50010,PITT,Pitt_0050010,1,1,35.2,1,L,,81,81,93,WASI,WASI,WASI,-9999,-9999,-9999,-9999,1,-9999,-9999,-9999,-9999,-9999,1,,,,,,,,,,,,,,,0,,,,,,,,,,,,,,,,,,,,,,,,,,,,,,,,2,,,11.4503878,0.931667628,29.23381074,3.85235598,0.07377585,13.29213972,0.491359844,84.92484852,2.021996874,1.116337184,0.00112605,0.006494438,0.072544869,7,3.482587065,0.036569472,OK,,OK,,maybe,ic-cerebellum_temporal_lob,OK,,OK,,1
